name,change_30,change_10,vol_30,vol_10,start_10,close_10,status,notes
OANDO [MRF],6.25,6.25,23288464,23288464,68.75,68.75,âœ… Strong Uptrend,
CILEASING [MRF],0.02,0.02,6669822,6669822,5.15,5.15,âœ… Strong Uptrend,
NOTORE,0.0,0.0,0,0,62.5,62.5,ğŸ˜ Mixed Trend,Volume tapering. Possibly quiet accumulation or weakness.
ROYALEX [MRF],0.11,0.11,218698980,218698980,1.25,1.25,âœ… Strong Uptrend,
JAIZBANK [MRF],0.06,0.06,21014007,21014007,3.18,3.18,âœ… Strong Uptrend,
NOTORE [BMF],0.0,0.0,0,0,62.5,62.5,ğŸ˜ Mixed Trend,Volume tapering. Possibly quiet accumulation or weakness.
ACADEMY [MRF],0.7,0.7,2130740,2130740,7.7,7.7,âœ… Strong Uptrend,
MRS,0.0,0.0,0,0,149.5,149.5,ğŸ˜ Mixed Trend,Volume tapering. Possibly quiet accumulation or weakness.
MBENEFIT [MRF],0.08,0.045,18029256,27531207,1.6,1.68,âœ… Strong Uptrend,Unusual short-term volume spike
PRESTIGE,,,5761294,1183920,1.51,1.51,ğŸ˜ Mixed Trend,Volume tapering. Possibly quiet accumulation or weakness.
UPDC,,,18752302,10116503,5.5,5.5,ğŸ˜ Mixed Trend,Volume tapering. Possibly quiet accumulation or weakness.
ALEX,,,29569,13583,7.15,7.15,ğŸ˜ Mixed Trend,Volume tapering. Possibly quiet accumulation or weakness.
DEAPCAP,,,7613286,4579764,1.18,1.18,ğŸ˜ Mixed Trend,Volume tapering. Possibly quiet accumulation or weakness.
INFINITY,,,203000,203000,7.5,7.5,ğŸ˜ Mixed Trend,
FTNCOCOA,,,12839024,7983800,6.0,6.0,ğŸ˜ Mixed Trend,Volume tapering. Possibly quiet accumulation or weakness.
PRESTIGE [BMF],-0.19,-0.19,66866506,66866506,1.97,1.97,âŒ Downtrend,Both windows declining. Avoid or exit.
TRANSEXPR [MRF],0.0,0.0,158324,158324,2.15,2.15,ğŸ˜ Mixed Trend,
UNIVINSURE [MRF],0.05,0.05,6447833,6447833,1.25,1.25,âœ… Strong Uptrend,
HONYFLOUR [BLS],-0.5,-0.5,1763191,1763191,21.1,21.1,âŒ Downtrend,Both windows declining. Avoid or exit.
PZ [MRF],3.2,3.2,6534101,6534101,35.2,35.2,âœ… Strong Uptrend,
REGALINS [MRF],0.0,0.0,0,0,1.3,1.3,ğŸ˜ Mixed Trend,Volume tapering. Possibly quiet accumulation or weakness.
ZENITHBANK [AWR],-0.95,-0.95,24269881,24269881,66.0,66.0,âŒ Downtrend,Both windows declining. Avoid or exit.
UBA [AWR],0.0,0.0,11219770,11219770,47.0,47.0,ğŸ˜ Mixed Trend,
GTCO [AWR],1.0,1.0,22878573,22878573,91.0,91.0,âœ… Strong Uptrend,
STANBIC [AWR],3.15,3.15,1412763,1412763,105.0,105.0,âœ… Strong Uptrend,
SMURFIT [MRF],0.0,0.0,0,0,0.72,0.72,ğŸ˜ Mixed Trend,Volume tapering. Possibly quiet accumulation or weakness.
INTENEGINS [MRS],0.0,0.0,495967,495967,2.9,2.9,ğŸ˜ Mixed Trend,
PHARMDEKO [MRF],0.0,0.0,0,0,1.83,1.83,ğŸ˜ Mixed Trend,Volume tapering. Possibly quiet accumulation or weakness.
ACCESSCORP [AWR],-1.35,-1.35,68918625,68918625,23.65,23.65,âŒ Downtrend,Both windows declining. Avoid or exit.
LEGENDINT [BLS],-0.58,-0.58,4280508,4280508,5.26,5.26,âŒ Downtrend,Both windows declining. Avoid or exit.
CHAMPION,-0.15,-0.15,3939999,3939999,14.35,14.35,âŒ Downtrend,Both windows declining. Avoid or exit.
AFRINSURE,0.0,0.0,0,0,0.2,0.2,ğŸ˜ Mixed Trend,Volume tapering. Possibly quiet accumulation or weakness.
AFROMEDIA,0.0,0.0,0,0,0.24,0.24,ğŸ˜ Mixed Trend,Volume tapering. Possibly quiet accumulation or weakness.
ASOSAVINGS,0.0,0.0,20022496,20022496,1.03,1.03,ğŸ˜ Mixed Trend,
AUSTINLAZ,0.0,0.0,80254,80254,2.36,2.36,ğŸ˜ Mixed Trend,
EKOCORP,0.0,0.0,0,0,5.8,5.8,ğŸ˜ Mixed Trend,Volume tapering. Possibly quiet accumulation or weakness.
DUNLOP,0.0,0.0,0,0,0.2,0.2,ğŸ˜ Mixed Trend,Volume tapering. Possibly quiet accumulation or weakness.
FIDELITYBK [MRF],0.05,0.05,37721719,37721719,19.05,19.05,âœ… Strong Uptrend,
OKOMUOIL,-1.0,-2.8,3275334,829482,1109.0,1095.0,âŒ Downtrend,Both windows declining. Avoid or exit.; Volume tapering. Possibly quiet accumulation or weakness.
OMATEK,-0.015,-0.002,33716700,13440812,1.17,1.08,âŒ Downtrend,Both windows declining. Avoid or exit.; Volume tapering. Possibly quiet accumulation or weakness.
PHARMDEKO,0.0,0.0,0,0,1.83,1.83,ğŸ˜ Mixed Trend,Volume tapering. Possibly quiet accumulation or weakness.
PHARMDEKO [RST],0.0,0.0,0,0,1.83,1.83,ğŸ˜ Mixed Trend,Volume tapering. Possibly quiet accumulation or weakness.
PREMPAINTS,0.0,0.0,0,0,10.0,10.0,ğŸ˜ Mixed Trend,Volume tapering. Possibly quiet accumulation or weakness.
PREMPAINTS [MRF],0.0,0.0,0,0,10.0,10.0,ğŸ˜ Mixed Trend,Volume tapering. Possibly quiet accumulation or weakness.
PRESCO,0.0,0.0,2712190,1097044,1450.0,1450.0,ğŸ˜ Mixed Trend,Volume tapering. Possibly quiet accumulation or weakness.
REGALINS,-0.002,-0.01,62263492,19041630,0.99,0.97,âŒ Downtrend,Both windows declining. Avoid or exit.; Volume tapering. Possibly quiet accumulation or weakness.
PZ,0.473,0.32,40549716,21681824,45.3,47.1,âœ… Strong Uptrend,Volume tapering. Possibly quiet accumulation or weakness.
REDSTAREX,-0.033,-0.1,2289785,545719,8.7,8.7,âŒ Downtrend,Both windows declining. Avoid or exit.; Volume tapering. Possibly quiet accumulation or weakness.
RONCHESS,0.0,0.0,0,0,81.0,81.0,ğŸ˜ Mixed Trend,Volume tapering. Possibly quiet accumulation or weakness.
ROYALEX,-0.007,-0.018,44987421,15563065,1.9,1.8,âŒ Downtrend,Both windows declining. Avoid or exit.; Volume tapering. Possibly quiet accumulation or weakness.
RTBRISCOE,0.013,0.02,9673578,3439844,3.3,3.3,âœ… Strong Uptrend,Volume tapering. Possibly quiet accumulation or weakness.
SCOA,0.0,0.0,588560,196157,7.1,7.1,ğŸ˜ Mixed Trend,Volume tapering. Possibly quiet accumulation or weakness.
OANDO,-0.067,0.06,39632387,14304376,38.0,38.0,ğŸ” Possible Reversal,10D showing recovery while 30D still down.; Volume tapering. Possibly quiet accumulation or weakness.
PRESTIGE [BLS],-0.005,-0.026,35213168,10961274,1.62,1.52,âŒ Downtrend,Both windows declining. Avoid or exit.; Volume tapering. Possibly quiet accumulation or weakness.
NSLTECH,-0.005,-0.004,88033927,65113267,0.75,0.75,âŒ Downtrend,Both windows declining. Avoid or exit.
NASCON,0.127,-0.49,20332971,8650225,107.95,105.5,"âš ï¸ 10D Weakness, 30D Strong",Short-term pullback. Watch for bounce or fail.; Volume tapering. Possibly quiet accumulation or weakness.; Short-term rejection despite bullish 30D
NNFM,0.0,0.0,503827,31937,84.3,84.3,ğŸ˜ Mixed Trend,Volume tapering. Possibly quiet accumulation or weakness.
MECURE,2.36,2.96,14116630,6040360,55.0,65.2,âœ… Strong Uptrend,Volume tapering. Possibly quiet accumulation or weakness.
MEYER,0.0,0.0,794228,215155,13.1,13.1,ğŸ˜ Mixed Trend,Volume tapering. Possibly quiet accumulation or weakness.
MOFIREIF,0.0,0.0,10130,10000,100.0,100.0,ğŸ˜ Mixed Trend,
MORISON,0.098,0.0,1459188,65504,4.69,4.69,ğŸ˜ Mixed Trend,Volume tapering. Possibly quiet accumulation or weakness.
MTNN,2.227,-5.54,30655642,9004024,531.7,504.0,"âš ï¸ 10D Weakness, 30D Strong",Short-term pullback. Watch for bounce or fail.; Volume tapering. Possibly quiet accumulation or weakness.; Short-term rejection despite bullish 30D
MULTITREX,0.0,0.0,0,0,0.36,0.36,ğŸ˜ Mixed Trend,Volume tapering. Possibly quiet accumulation or weakness.
MULTITREX [DWL],0.0,0.0,0,0,0.36,0.36,ğŸ˜ Mixed Trend,Volume tapering. Possibly quiet accumulation or weakness.
NPFMCRFBK,0.07,0.11,35656902,17350620,3.5,3.79,âœ… Strong Uptrend,Volume tapering. Possibly quiet accumulation or weakness.
MULTIVERSE,0.073,0.0,1564870,432746,12.15,12.15,ğŸ˜ Mixed Trend,Volume tapering. Possibly quiet accumulation or weakness.
NB,0.75,0.53,47995639,22988206,76.7,79.35,âœ… Strong Uptrend,Volume tapering. Possibly quiet accumulation or weakness.
NCR,0.0,0.0,1622302,248312,72.7,72.7,ğŸ˜ Mixed Trend,Volume tapering. Possibly quiet accumulation or weakness.
NEIMETH,0.033,-0.06,18741118,6071187,6.3,6.0,"âš ï¸ 10D Weakness, 30D Strong",Short-term pullback. Watch for bounce or fail.; Volume tapering. Possibly quiet accumulation or weakness.; Short-term rejection despite bullish 30D
NEM,-0.127,-0.18,24352746,12218339,24.8,24.1,âŒ Downtrend,Both windows declining. Avoid or exit.; Volume tapering. Possibly quiet accumulation or weakness.
NESTLE,11.867,35.6,1330454,186446,1958.0,1958.0,âœ… Strong Uptrend,Volume tapering. Possibly quiet accumulation or weakness.
NGXGROUP,0.22,0.74,20110185,8661078,61.4,65.1,âœ… Strong Uptrend,Volume tapering. Possibly quiet accumulation or weakness.
NIDF,0.0,0.0,1443558,749747,115.0,115.0,ğŸ˜ Mixed Trend,Volume tapering. Possibly quiet accumulation or weakness.
NAHCO,0.2,0.9,23866520,4503018,105.0,109.5,âœ… Strong Uptrend,Volume tapering. Possibly quiet accumulation or weakness.
SEPLAT,0.0,0.0,493436,247955,5809.0,5809.0,ğŸ˜ Mixed Trend,Volume tapering. Possibly quiet accumulation or weakness.
WAPIC,0.052,0.048,35178212,13350375,3.1,3.14,âœ… Strong Uptrend,Volume tapering. Possibly quiet accumulation or weakness.
SKYAVN,0.0,0.0,623736,242696,88.45,88.45,ğŸ˜ Mixed Trend,Volume tapering. Possibly quiet accumulation or weakness.
UNILEVER,0.0,0.0,13852995,7866809,72.0,72.0,ğŸ˜ Mixed Trend,Volume tapering. Possibly quiet accumulation or weakness.
UNIONDICON,0.02,0.0,3910770,1209886,6.0,7.0,ğŸ˜ Mixed Trend,Volume tapering. Possibly quiet accumulation or weakness.
UNIONDICON [DWL],-0.01,0.333,6940913,3550766,6.6,7.0,ğŸ” Possible Reversal,10D showing recovery while 30D still down.; Volume tapering. Possibly quiet accumulation or weakness.
UNITYBNK,0.0,0.0,0,0,1.51,1.51,ğŸ˜ Mixed Trend,Volume tapering. Possibly quiet accumulation or weakness.
UNITYBNK [MRF],0.0,0.0,0,0,1.51,1.51,ğŸ˜ Mixed Trend,Volume tapering. Possibly quiet accumulation or weakness.
UNIVINSURE,0.001,0.008,66449691,20092082,1.15,1.16,âœ… Strong Uptrend,Volume tapering. Possibly quiet accumulation or weakness.
UPDC [BLS],0.017,-0.02,81593183,12246613,5.15,5.05,"âš ï¸ 10D Weakness, 30D Strong",Short-term pullback. Watch for bounce or fail.; Volume tapering. Possibly quiet accumulation or weakness.; Short-term rejection despite bullish 30D
UHOMREIT,0.0,0.0,765203,168995,51.85,51.85,ğŸ˜ Mixed Trend,Volume tapering. Possibly quiet accumulation or weakness.
UPDCREIT,0.013,-0.01,63363962,18038303,6.95,6.9,"âš ï¸ 10D Weakness, 30D Strong",Short-term pullback. Watch for bounce or fail.; Volume tapering. Possibly quiet accumulation or weakness.; Short-term rejection despite bullish 30D
VANLEER,0.0,0.0,0,0,5.45,5.45,ğŸ˜ Mixed Trend,Volume tapering. Possibly quiet accumulation or weakness.
VANLEER [DIP],0.0,0.0,0,0,5.45,5.45,ğŸ˜ Mixed Trend,Volume tapering. Possibly quiet accumulation or weakness.
VERITASKAP,0.003,-0.002,76055080,45381487,1.78,1.75,"âš ï¸ 10D Weakness, 30D Strong",Short-term pullback. Watch for bounce or fail.; Volume tapering. Possibly quiet accumulation or weakness.; Short-term rejection despite bullish 30D
VFDGROUP,0.087,0.2,238464401,210867913,10.25,11.5,âœ… Strong Uptrend,
VITAFOAM,0.447,0.82,46329173,2932081,94.6,94.6,âœ… Strong Uptrend,Volume tapering. Possibly quiet accumulation or weakness.
WAPCO,0.04,0.2,30385594,15872275,133.0,134.0,âœ… Strong Uptrend,Volume tapering. Possibly quiet accumulation or weakness.; Early breakout after 30D weakness
MCNICHOLS,0.019,-0.004,46884151,12143247,3.0,2.95,"âš ï¸ 10D Weakness, 30D Strong",Short-term pullback. Watch for bounce or fail.; Volume tapering. Possibly quiet accumulation or weakness.; Short-term rejection despite bullish 30D
UPL,0.0,0.0,3221291,1802259,6.0,6.0,ğŸ˜ Mixed Trend,Volume tapering. Possibly quiet accumulation or weakness.
UCAP,0.05,0.09,54702296,13138267,17.6,18.0,âœ… Strong Uptrend,Volume tapering. Possibly quiet accumulation or weakness.
UBA,0.16,0.44,138870592,35187603,41.6,42.0,âœ… Strong Uptrend,Volume tapering. Possibly quiet accumulation or weakness.
UACN,0.517,0.95,22048926,8525715,87.75,87.75,âœ… Strong Uptrend,Volume tapering. Possibly quiet accumulation or weakness.
SOVRENINS,0.075,-0.034,106839432,27846308,4.18,4.02,"âš ï¸ 10D Weakness, 30D Strong",Short-term pullback. Watch for bounce or fail.; Volume tapering. Possibly quiet accumulation or weakness.; Short-term rejection despite bullish 30D
STACO,0.0,0.0,0,0,0.48,0.48,ğŸ˜ Mixed Trend,Volume tapering. Possibly quiet accumulation or weakness.
STACO [DWL],0.0,0.0,0,0,0.48,0.48,ğŸ˜ Mixed Trend,Volume tapering. Possibly quiet accumulation or weakness.
STANBIC,-0.6,-1.8,49733731,5268774,95.2,96.0,âŒ Downtrend,Both windows declining. Avoid or exit.; Volume tapering. Possibly quiet accumulation or weakness.; Early breakout after 30D weakness
STERLINGNG,-0.017,-0.05,617729965,419008630,6.9,7.1,âŒ Downtrend,Both windows declining. Avoid or exit.; Volume tapering. Possibly quiet accumulation or weakness.
SUNUASSUR,0.002,-0.005,6163714,2071670,4.35,5.16,"âš ï¸ 10D Weakness, 30D Strong",Short-term pullback. Watch for bounce or fail.; Volume tapering. Possibly quiet accumulation or weakness.
SUNUASSUR [BLS],0.094,0.273,23395177,4376962,4.73,5.16,âœ… Strong Uptrend,Volume tapering. Possibly quiet accumulation or weakness.
TANTALIZER,0.027,0.078,307031793,129456053,2.45,2.7,âœ… Strong Uptrend,Volume tapering. Possibly quiet accumulation or weakness.
THOMASWY,0.0,0.0,0,0,2.75,2.75,ğŸ˜ Mixed Trend,Volume tapering. Possibly quiet accumulation or weakness.
THOMASWY [MRS],0.0,0.0,0,0,2.75,2.75,ğŸ˜ Mixed Trend,Volume tapering. Possibly quiet accumulation or weakness.
TIP,0.107,0.2,42604879,13560923,12.0,12.6,âœ… Strong Uptrend,Volume tapering. Possibly quiet accumulation or weakness.
TOTAL,0.0,0.0,496995,54233,640.0,640.0,ğŸ˜ Mixed Trend,Volume tapering. Possibly quiet accumulation or weakness.
TRANSCOHOT,-0.267,3.06,1316545,440834,155.6,170.9,ğŸ” Possible Reversal,10D showing recovery while 30D still down.; Volume tapering. Possibly quiet accumulation or weakness.
TRANSCORP,0.06,0.0,21237911,5535912,40.95,41.0,ğŸ˜ Mixed Trend,Volume tapering. Possibly quiet accumulation or weakness.
TRANSEXPR,0.0,0.0,722794,10650,2.15,2.15,ğŸ˜ Mixed Trend,Volume tapering. Possibly quiet accumulation or weakness.
TRANSPOWER,0.0,0.0,46648686,918357,307.0,307.0,ğŸ˜ Mixed Trend,Volume tapering. Possibly quiet accumulation or weakness.
TRIPPLEG,0.0,0.0,986341,221031,4.42,4.42,ğŸ˜ Mixed Trend,Volume tapering. Possibly quiet accumulation or weakness.
SFSREIT,0.0,0.0,281974,38301,418.75,418.75,ğŸ˜ Mixed Trend,Volume tapering. Possibly quiet accumulation or weakness.
MBENEFIT,0.001,-0.008,79861952,39609892,3.2,3.19,"âš ï¸ 10D Weakness, 30D Strong",Short-term pullback. Watch for bounce or fail.; Volume tapering. Possibly quiet accumulation or weakness.; Short-term rejection despite bullish 30D
ELLAHLAKES,-0.105,0.06,137492466,74722119,13.7,13.05,ğŸ” Possible Reversal,10D showing recovery while 30D still down.; Volume tapering. Possibly quiet accumulation or weakness.
MANSARD,0.007,-0.2,8737834,3080369,14.0,13.0,"âš ï¸ 10D Weakness, 30D Strong",Short-term pullback. Watch for bounce or fail.; Volume tapering. Possibly quiet accumulation or weakness.
CADBURY,0.113,0.0,9464955,3501281,59.6,59.6,ğŸ˜ Mixed Trend,Volume tapering. Possibly quiet accumulation or weakness.
CAP,0.067,0.0,3500230,214166,74.0,74.0,ğŸ˜ Mixed Trend,Volume tapering. Possibly quiet accumulation or weakness.
CAVERTON,0.01,0.02,12686238,3306967,5.2,5.3,âœ… Strong Uptrend,Volume tapering. Possibly quiet accumulation or weakness.
CHAMPION [BLS],0.033,0.11,90199885,43460313,15.45,15.0,âœ… Strong Uptrend,Volume tapering. Possibly quiet accumulation or weakness.; Short-term rejection despite bullish 30D
CHAMS,0.037,0.108,250253003,157483915,3.0,3.46,âœ… Strong Uptrend,Volume tapering. Possibly quiet accumulation or weakness.
CHELLARAM,-0.097,0.0,1345574,94760,13.2,13.2,ğŸ˜ Mixed Trend,Volume tapering. Possibly quiet accumulation or weakness.
CILEASING,0.06,0.02,8086471,2988751,6.1,6.2,âœ… Strong Uptrend,Volume tapering. Possibly quiet accumulation or weakness.
BUAFOODS,3.7,11.1,1999070,739494,692.5,748.0,âœ… Strong Uptrend,Volume tapering. Possibly quiet accumulation or weakness.
CNIF,0.0,0.0,21282,7975,100.0,100.0,ğŸ˜ Mixed Trend,Volume tapering. Possibly quiet accumulation or weakness.
CONOIL,0.0,0.0,377492,77082,187.2,187.2,ğŸ˜ Mixed Trend,Volume tapering. Possibly quiet accumulation or weakness.
CORNERST,0.013,0.004,181901121,1896041,5.81,5.79,âœ… Strong Uptrend,Volume tapering. Possibly quiet accumulation or weakness.; Short-term rejection despite bullish 30D
CUSTODIAN,-0.06,0.0,216887772,158896775,38.0,39.0,ğŸ˜ Mixed Trend,Early breakout after 30D weakness
CUTIX,-0.001,0.0,230382018,35010475,3.0,3.0,ğŸ˜ Mixed Trend,Volume tapering. Possibly quiet accumulation or weakness.
CWG,0.01,-0.1,38410943,18092845,18.0,18.45,"âš ï¸ 10D Weakness, 30D Strong",Short-term pullback. Watch for bounce or fail.; Volume tapering. Possibly quiet accumulation or weakness.
DAARCOMM,-0.001,0.006,35252981,5456690,0.95,0.9,ğŸ” Possible Reversal,10D showing recovery while 30D still down.; Volume tapering. Possibly quiet accumulation or weakness.
DANGCEM,1.4,-1.18,8935274,3483482,614.9,609.0,"âš ï¸ 10D Weakness, 30D Strong",Short-term pullback. Watch for bounce or fail.; Volume tapering. Possibly quiet accumulation or weakness.; Short-term rejection despite bullish 30D
CONHALLPLC,0.02,-0.002,324347278,53611596,4.21,4.2,"âš ï¸ 10D Weakness, 30D Strong",Short-term pullback. Watch for bounce or fail.; Volume tapering. Possibly quiet accumulation or weakness.; Short-term rejection despite bullish 30D
DANGSUGAR,0.37,-0.07,30595054,6149873,60.0,59.65,"âš ï¸ 10D Weakness, 30D Strong",Short-term pullback. Watch for bounce or fail.; Volume tapering. Possibly quiet accumulation or weakness.; Short-term rejection despite bullish 30D
BUACEMENT,0.867,2.6,8046340,2614585,162.0,175.0,âœ… Strong Uptrend,Volume tapering. Possibly quiet accumulation or weakness.
BERGER,0.67,0.77,3782924,1143269,42.0,45.85,âœ… Strong Uptrend,Volume tapering. Possibly quiet accumulation or weakness.
WEMABANK,0.05,0.09,96581301,21883706,18.75,19.05,âœ… Strong Uptrend,Volume tapering. Possibly quiet accumulation or weakness.
ABBEYBDS,0.037,0.11,1125529037,1124951113,5.85,6.4,âœ… Strong Uptrend,
ABCTRANS,-0.011,0.014,8304286,3784372,3.2,3.27,ğŸ” Possible Reversal,10D showing recovery while 30D still down.; Volume tapering. Possibly quiet accumulation or weakness.; Early breakout after 30D weakness
ACADEMY,-0.003,-0.01,1924924,931633,7.35,7.3,âŒ Downtrend,Both windows declining. Avoid or exit.; Volume tapering. Possibly quiet accumulation or weakness.
ACCESSCORP,-0.033,-0.06,1245226608,167498100,20.95,20.5,âŒ Downtrend,Both windows declining. Avoid or exit.; Volume tapering. Possibly quiet accumulation or weakness.
AFRINSURE [MRF],0.0,0.0,0,0,0.2,0.2,ğŸ˜ Mixed Trend,Volume tapering. Possibly quiet accumulation or weakness.
AFRIPRUD,0.073,0.08,19269375,5179213,12.4,14.0,âœ… Strong Uptrend,Volume tapering. Possibly quiet accumulation or weakness.
BETAGLAS,0.0,0.0,3160911,1803748,370.0,370.0,ğŸ˜ Mixed Trend,Volume tapering. Possibly quiet accumulation or weakness.
AFROMEDIA [MRF],0.0,0.0,0,0,0.24,0.24,ğŸ˜ Mixed Trend,Volume tapering. Possibly quiet accumulation or weakness.
AIRTELAFRI,0.0,0.0,8734,2457,2270.0,2270.0,ğŸ˜ Mixed Trend,Volume tapering. Possibly quiet accumulation or weakness.
ALEX [BLS],0.613,1.22,22514782,17280454,11.25,16.35,âœ… Strong Uptrend,
ARADEL,-0.007,-0.02,20451620,8928246,679.9,679.9,âŒ Downtrend,Both windows declining. Avoid or exit.; Volume tapering. Possibly quiet accumulation or weakness.
ASOSAVINGS [DWL],0.0,0.0,2500,0,3.21,3.21,ğŸ˜ Mixed Trend,Volume tapering. Possibly quiet accumulation or weakness.
AUSTINLAZ [RST],0.056,0.16,17713112,14095889,2.2,3.2,âœ… Strong Uptrend,
AVAIF,0.0,0.0,0,0,1000000.0,1000000.0,ğŸ˜ Mixed Trend,Volume tapering. Possibly quiet accumulation or weakness.
BAPLC,0.0,0.0,0,0,6.25,6.25,ğŸ˜ Mixed Trend,Volume tapering. Possibly quiet accumulation or weakness.
AIICO,0.013,-0.042,177762644,52951513,3.91,3.78,"âš ï¸ 10D Weakness, 30D Strong",Short-term pullback. Watch for bounce or fail.; Volume tapering. Possibly quiet accumulation or weakness.; Short-term rejection despite bullish 30D
DEAPCAP [DWL],0.014,-0.006,33096558,16932244,1.71,1.7,"âš ï¸ 10D Weakness, 30D Strong",Short-term pullback. Watch for bounce or fail.; Volume tapering. Possibly quiet accumulation or weakness.; Short-term rejection despite bullish 30D
DUNLOP [DIP],0.0,0.0,0,0,0.2,0.2,ğŸ˜ Mixed Trend,Volume tapering. Possibly quiet accumulation or weakness.
EKOCORP [DIP],0.0,0.0,0,0,5.8,5.8,ğŸ˜ Mixed Trend,Volume tapering. Possibly quiet accumulation or weakness.
IMG,0.0,0.0,256529,43271,32.4,32.4,ğŸ˜ Mixed Trend,Volume tapering. Possibly quiet accumulation or weakness.
INFINITY [BLS],0.0,0.0,42712,6013,7.0,7.0,ğŸ˜ Mixed Trend,Volume tapering. Possibly quiet accumulation or weakness.
INTBREW,0.21,0.54,44187267,24167949,12.0,14.5,âœ… Strong Uptrend,Volume tapering. Possibly quiet accumulation or weakness.
INTENEGINS,0.015,0.066,4451943,2708897,2.27,2.6,âœ… Strong Uptrend,Volume tapering. Possibly quiet accumulation or weakness.
INTENEGINS [RST],0.01,0.0,1196997,126935,2.45,2.45,ğŸ˜ Mixed Trend,Volume tapering. Possibly quiet accumulation or weakness.
JAIZBANK,-0.009,0.002,182919385,29775275,4.64,4.51,ğŸ” Possible Reversal,10D showing recovery while 30D still down.; Volume tapering. Possibly quiet accumulation or weakness.
JAPAULGOLD,0.011,-0.026,277421205,23390007,2.4,2.34,"âš ï¸ 10D Weakness, 30D Strong",Short-term pullback. Watch for bounce or fail.; Volume tapering. Possibly quiet accumulation or weakness.; Short-term rejection despite bullish 30D
IKEJAHOTEL,0.557,1.02,9960084,4541532,32.0,36.95,âœ… Strong Uptrend,Volume tapering. Possibly quiet accumulation or weakness.
JBERGER,-0.533,0.0,2435667,414104,139.0,139.0,ğŸ˜ Mixed Trend,Volume tapering. Possibly quiet accumulation or weakness.
JULI,0.0,0.0,79031,30195,8.06,8.06,ğŸ˜ Mixed Trend,Volume tapering. Possibly quiet accumulation or weakness.
LASACO,-0.004,-0.052,88735884,62341996,2.5,2.49,âŒ Downtrend,Both windows declining. Avoid or exit.
LEARNAFRCA,0.05,0.04,3678971,1173029,6.3,6.5,âœ… Strong Uptrend,Volume tapering. Possibly quiet accumulation or weakness.
LEGENDINT,-0.007,-0.062,12745776,4393834,5.55,4.9,âŒ Downtrend,Both windows declining. Avoid or exit.; Volume tapering. Possibly quiet accumulation or weakness.
LINKASSURE,-0.006,-0.028,50848846,31642207,1.8,1.67,âŒ Downtrend,Both windows declining. Avoid or exit.; Volume tapering. Possibly quiet accumulation or weakness.
LIVESTOCK,-0.017,0.0,13865337,4624333,6.25,6.25,ğŸ˜ Mixed Trend,Volume tapering. Possibly quiet accumulation or weakness.
LIVINGTRUST,0.03,0.106,34262994,18458969,3.31,3.68,âœ… Strong Uptrend,Volume tapering. Possibly quiet accumulation or weakness.
JOHNHOLT,-0.033,0.0,2032597,263349,4.9,4.9,ğŸ˜ Mixed Trend,Volume tapering. Possibly quiet accumulation or weakness.
HONYFLOUR,-0.037,-0.2,15743678,4193523,17.75,17.75,âŒ Downtrend,Both windows declining. Avoid or exit.; Volume tapering. Possibly quiet accumulation or weakness.
HMCALL,-0.026,0.016,12732832,1755757,4.02,3.99,ğŸ” Possible Reversal,10D showing recovery while 30D still down.; Volume tapering. Possibly quiet accumulation or weakness.
GUINNESS,8.04,11.04,13227710,3549457,289.7,318.6,âœ… Strong Uptrend,Volume tapering. Possibly quiet accumulation or weakness.
ENAMELWA,0.0,0.0,8427,4536,40.5,40.5,ğŸ˜ Mixed Trend,Volume tapering. Possibly quiet accumulation or weakness.
ETERNA,-0.467,-0.34,5704479,1286853,30.2,28.5,âŒ Downtrend,Both windows declining. Avoid or exit.; Volume tapering. Possibly quiet accumulation or weakness.
ETI,0.267,0.3,33526736,9233661,37.9,38.0,âœ… Strong Uptrend,Volume tapering. Possibly quiet accumulation or weakness.
ETRANZACT,-0.093,0.0,20405183,2635091,12.6,12.6,ğŸ˜ Mixed Trend,Volume tapering. Possibly quiet accumulation or weakness.
EUNISELL,0.463,0.59,7300763,2421745,85.0,87.95,âœ… Strong Uptrend,Volume tapering. Possibly quiet accumulation or weakness.
FCMB,0.007,0.01,801830969,160610659,10.6,10.6,âœ… Strong Uptrend,Volume tapering. Possibly quiet accumulation or weakness.
FIDELITYBK,0.0,0.0,368330901,43643102,19.0,19.0,ğŸ˜ Mixed Trend,Volume tapering. Possibly quiet accumulation or weakness.
FIDSON,0.26,0.18,5689471,2882547,43.0,43.9,âœ… Strong Uptrend,Volume tapering. Possibly quiet accumulation or weakness.
FIRSTHOLDCO,1.437,2.68,816063501,557073138,42.65,53.0,âœ… Strong Uptrend,Volume tapering. Possibly quiet accumulation or weakness.
FTGINSURE,0.0,0.0,0,0,0.2,0.2,ğŸ˜ Mixed Trend,Volume tapering. Possibly quiet accumulation or weakness.
FTGINSURE [DWL],0.0,0.0,0,0,0.2,0.2,ğŸ˜ Mixed Trend,Volume tapering. Possibly quiet accumulation or weakness.
FTNCOCOA [RST],0.03,0.12,30414678,8559530,4.42,5.1,âœ… Strong Uptrend,Volume tapering. Possibly quiet accumulation or weakness.
GEREGU,0.0,0.0,6094206,6075857,1141.5,1141.5,ğŸ˜ Mixed Trend,
GOLDBREW,0.0,0.0,0,0,7.1,7.1,ğŸ˜ Mixed Trend,Volume tapering. Possibly quiet accumulation or weakness.
GOLDBREW [BMF],0.0,0.0,0,0,7.1,7.1,ğŸ˜ Mixed Trend,Volume tapering. Possibly quiet accumulation or weakness.
GTCO,0.11,0.05,291174451,128911808,88.1,88.65,âœ… Strong Uptrend,Volume tapering. Possibly quiet accumulation or weakness.
GUINEAINS,-0.003,0.014,24903958,9093075,1.14,1.25,ğŸ” Possible Reversal,10D showing recovery while 30D still down.; Volume tapering. Possibly quiet accumulation or weakness.
MAYBAKER,0.107,0.0,5508271,1517514,17.8,17.8,ğŸ˜ Mixed Trend,Volume tapering. Possibly quiet accumulation or weakness.
ZENITHBANK,0.2,-0.1,370266501,101704327,63.5,63.0,"âš ï¸ 10D Weakness, 30D Strong",Short-term pullback. Watch for bounce or fail.; Volume tapering. Possibly quiet accumulation or weakness.; Short-term rejection despite bullish 30D
